{
    "failure_rate": 0.0,
    "invalid_rate": 0.0,
    "neural_net_time": 0.02482552978936143,
    "neural_net_time_std": 0.009253901875252076,
    "num_failures": 0,
    "num_invalidated_plans": 0,
    "num_node_expansions": 0.0,
    "num_node_expansions_std": 0.0,
    "num_timeouts": 55,
    "objects_total": 310.1496062992126,
    "objects_total_std": 77.43507097162392,
    "objects_used": 192.60629921259843,
    "objects_used_std": 47.01300833222552,
    "plan_length": 69.92125984251969,
    "plan_length_std": 19.455423023593447,
    "search_time": 0.2814319266141732,
    "search_time_std": 0.9426353420750846,
    "success_rate": 0.6978021978021978,
    "timeout_rate": 0.3021978021978022,
    "total_time": 0.46153511023622046,
    "total_time_std": 0.9685687742800161,
    "wall_time": 6.255935111383754,
    "wall_time_std": 6.292030475555642
}