{
    "failure_rate": 0.0,
    "invalid_rate": 0.0,
    "neural_net_time": 0.021224646134810014,
    "neural_net_time_std": 0.008979410353300327,
    "num_failures": 0,
    "num_invalidated_plans": 0,
    "num_node_expansions": 0.0,
    "num_node_expansions_std": 0.0,
    "num_timeouts": 0,
    "objects_total": 279.54545454545456,
    "objects_total_std": 75.61068182877054,
    "objects_used": 133.25454545454545,
    "objects_used_std": 27.416132067099863,
    "plan_length": 193.54545454545453,
    "plan_length_std": 36.697692858775525,
    "search_time": 0.10962189272727273,
    "search_time_std": 0.085442055607458,
    "success_rate": 1.0,
    "timeout_rate": 0.0,
    "total_time": 0.21927059999999998,
    "total_time_std": 0.10832938971028885,
    "wall_time": 1.3420934807170521,
    "wall_time_std": 1.2505015223193126
}