{
    "failure_rate": 0.0,
    "invalid_rate": 0.0,
    "neural_net_time": 0.05925710118094156,
    "neural_net_time_std": 0.04030361159677694,
    "num_failures": 0,
    "num_invalidated_plans": 0,
    "num_node_expansions": 0.0,
    "num_node_expansions_std": 0.0,
    "num_timeouts": 0,
    "objects_total": 268.0232558139535,
    "objects_total_std": 89.12207159404245,
    "objects_used": 126.44186046511628,
    "objects_used_std": 20.651372301472325,
    "plan_length": 168.94767441860466,
    "plan_length_std": 26.686871725600362,
    "search_time": 0.10451210581395347,
    "search_time_std": 0.06239910508647065,
    "success_rate": 1.0,
    "timeout_rate": 0.0,
    "total_time": 0.2418292965116279,
    "total_time_std": 0.08806843613052315,
    "wall_time": 1.1464908303216446,
    "wall_time_std": 0.5145638065317174
}