{
    "failure_rate": 0.8255813953488372,
    "num_node_expansions": 78.75,
    "num_node_expansions_std": 57.43420148308845,
    "plan_length": 15.416666666666666,
    "plan_length_std": 3.2264101137676566,
    "search_time": 41.37666666666667,
    "search_time_std": 57.508964132172956,
    "success_rate": 0.06976744186046512,
    "timeout_rate": 0.10465116279069768,
    "total_time": 41.34916666666667,
    "total_time_std": 56.54828798739672
}