{
    "failure_rate": 0.0,
    "invalid_rate": 0.0,
    "neural_net_time": 0.01877956823869185,
    "neural_net_time_std": 0.008897552180831308,
    "num_failures": 0,
    "num_invalidated_plans": 0,
    "num_node_expansions": 0.0,
    "num_node_expansions_std": 0.0,
    "num_timeouts": 0,
    "objects_total": 276.54545454545456,
    "objects_total_std": 75.61068182877054,
    "objects_used": 126.10909090909091,
    "objects_used_std": 20.083165928682863,
    "plan_length": 221.70909090909092,
    "plan_length_std": 46.377766117857,
    "search_time": 0.0930094490909091,
    "search_time_std": 0.059176699293623625,
    "success_rate": 1.0,
    "timeout_rate": 0.0,
    "total_time": 0.17804329454545456,
    "total_time_std": 0.0718783885919681,
    "wall_time": 0.9578977628187699,
    "wall_time_std": 0.4713293711261591
}