{
    "failure_rate": 0.0,
    "invalid_rate": 0.0,
    "neural_net_time": 0.0,
    "neural_net_time_std": 0.0,
    "num_failures": 0,
    "num_invalidated_plans": 0,
    "num_node_expansions": 0.0,
    "num_node_expansions_std": 0.0,
    "num_timeouts": 0,
    "objects_total": 283.54545454545456,
    "objects_total_std": 75.61068182877054,
    "objects_used": 136.4,
    "objects_used_std": 21.822923727126938,
    "plan_length": 172.56363636363636,
    "plan_length_std": 32.27594862283884,
    "search_time": 0.13790801636363637,
    "search_time_std": 0.0817161411664923,
    "success_rate": 1.0,
    "timeout_rate": 0.0,
    "total_time": 0.3610374,
    "total_time_std": 0.12674120577339695,
    "wall_time": 1.4183061122894287,
    "wall_time_std": 0.3125851366468328
}