{
    "failure_rate": 0.0,
    "num_node_expansions": 7961.955555555555,
    "num_node_expansions_std": 3167.665729808382,
    "plan_length": 160.93333333333334,
    "plan_length_std": 30.695204113274038,
    "search_time": 0.5676994888888889,
    "search_time_std": 0.36152460964142286,
    "success_rate": 0.8181818181818182,
    "timeout_rate": 0.18181818181818182,
    "total_time": 0.5676994888888889,
    "total_time_std": 0.36152460964142286
}