{
    "failure_rate": 0.0,
    "invalid_rate": 0.0,
    "neural_net_time": 0.0,
    "neural_net_time_std": 0.0,
    "num_failures": 0,
    "num_invalidated_plans": 0,
    "num_node_expansions": 0.0,
    "num_node_expansions_std": 0.0,
    "num_timeouts": 0,
    "objects_total": 263.0232558139535,
    "objects_total_std": 89.12207159404245,
    "objects_used": 120.79069767441861,
    "objects_used_std": 20.337053066268652,
    "plan_length": 212.87790697674419,
    "plan_length_std": 39.351016951968816,
    "search_time": 0.07567621453488373,
    "search_time_std": 0.04687588207619148,
    "success_rate": 1.0,
    "timeout_rate": 0.0,
    "total_time": 0.15541102209302327,
    "total_time_std": 0.06577349857934567,
    "wall_time": 0.771623341150062,
    "wall_time_std": 0.15464799566458187
}