{
    "failure_rate": 0.0,
    "invalid_rate": 0.0,
    "neural_net_time": 0.039449635418978606,
    "neural_net_time_std": 0.013070461503474788,
    "num_failures": 0,
    "num_invalidated_plans": 0,
    "num_node_expansions": 0.0,
    "num_node_expansions_std": 0.0,
    "num_timeouts": 0,
    "objects_total": 276.54545454545456,
    "objects_total_std": 75.61068182877054,
    "objects_used": 125.83636363636364,
    "objects_used_std": 20.39319283608103,
    "plan_length": 220.43636363636364,
    "plan_length_std": 47.328163299692015,
    "search_time": 0.08903479636363634,
    "search_time_std": 0.059940604158474214,
    "success_rate": 1.0,
    "timeout_rate": 0.0,
    "total_time": 0.16837073999999996,
    "total_time_std": 0.07070334304503725,
    "wall_time": 0.8060010953383012,
    "wall_time_std": 0.1250342370024965
}