{
    "failure_rate": 0.0,
    "invalid_rate": 0.0,
    "neural_net_time": 0.03527239727419476,
    "neural_net_time_std": 0.013179318027362066,
    "num_failures": 0,
    "num_invalidated_plans": 0,
    "num_node_expansions": 0.0,
    "num_node_expansions_std": 0.0,
    "num_timeouts": 0,
    "objects_total": 263.0232558139535,
    "objects_total_std": 89.12207159404245,
    "objects_used": 118.49418604651163,
    "objects_used_std": 19.476430924242308,
    "plan_length": 213.04651162790697,
    "plan_length_std": 39.54006122048412,
    "search_time": 0.07690475639534884,
    "search_time_std": 0.04956677073809085,
    "success_rate": 1.0,
    "timeout_rate": 0.0,
    "total_time": 0.15676339651162788,
    "total_time_std": 0.06815443624299829,
    "wall_time": 0.7777108522348626,
    "wall_time_std": 0.1634249907429558
}