{
    "failure_rate": 0.0,
    "invalid_rate": 0.0,
    "neural_net_time": 0.026750266551971436,
    "neural_net_time_std": 0.009710006711047827,
    "num_failures": 0,
    "num_invalidated_plans": 0,
    "num_node_expansions": 0.0,
    "num_node_expansions_std": 0.0,
    "num_timeouts": 18,
    "objects_total": 325.3269230769231,
    "objects_total_std": 77.58412832181348,
    "objects_used": 193.8653846153846,
    "objects_used_std": 48.18994023898231,
    "plan_length": 71.71153846153847,
    "plan_length_std": 18.929359104171343,
    "search_time": 0.168304895,
    "search_time_std": 0.5733585865726997,
    "success_rate": 0.7428571428571429,
    "timeout_rate": 0.2571428571428571,
    "total_time": 0.26294148269230766,
    "total_time_std": 0.5774782728183738,
    "wall_time": 3.587292877527384,
    "wall_time_std": 2.677386584391263
}