{
    "failure_rate": 0.0,
    "invalid_rate": 0.0,
    "neural_net_time": 0.0,
    "neural_net_time_std": 0.0,
    "num_failures": 0,
    "num_invalidated_plans": 0,
    "num_node_expansions": 0.0,
    "num_node_expansions_std": 0.0,
    "num_timeouts": 23,
    "objects_total": 307.93617021276594,
    "objects_total_std": 67.8939737417034,
    "objects_used": 245.38297872340425,
    "objects_used_std": 57.37838320493453,
    "plan_length": 64.87234042553192,
    "plan_length_std": 19.994272606814178,
    "search_time": 0.7424159872340426,
    "search_time_std": 2.578902508350597,
    "success_rate": 0.6714285714285714,
    "timeout_rate": 0.32857142857142857,
    "total_time": 1.7571513617021275,
    "total_time_std": 2.663665860408054,
    "wall_time": 9.06701498843254,
    "wall_time_std": 6.2863317538384145
}