{
    "failure_rate": 0.0,
    "invalid_rate": 0.0,
    "neural_net_time": 0.020239243673723796,
    "neural_net_time_std": 0.008326095570453156,
    "num_failures": 0,
    "num_invalidated_plans": 0,
    "num_node_expansions": 0.0,
    "num_node_expansions_std": 0.0,
    "num_timeouts": 0,
    "objects_total": 268.0232558139535,
    "objects_total_std": 89.12207159404245,
    "objects_used": 124.0813953488372,
    "objects_used_std": 20.295328318146858,
    "plan_length": 169.20348837209303,
    "plan_length_std": 26.83345251505612,
    "search_time": 0.102453625,
    "search_time_std": 0.06008623102295927,
    "success_rate": 1.0,
    "timeout_rate": 0.0,
    "total_time": 0.23649783720930231,
    "total_time_std": 0.08220489744688311,
    "wall_time": 1.0422467187393543,
    "wall_time_std": 0.32102953851321403
}