{
    "failure_rate": 0.0,
    "invalid_rate": 0.0,
    "neural_net_time": 0.020528671353362327,
    "neural_net_time_std": 0.009369848365948603,
    "num_failures": 0,
    "num_invalidated_plans": 0,
    "num_node_expansions": 0.0,
    "num_node_expansions_std": 0.0,
    "num_timeouts": 0,
    "objects_total": 266.0232558139535,
    "objects_total_std": 89.12207159404245,
    "objects_used": 121.65116279069767,
    "objects_used_std": 19.584205454883296,
    "plan_length": 182.3139534883721,
    "plan_length_std": 30.07674742276366,
    "search_time": 0.0923767203488372,
    "search_time_std": 0.047793278791479765,
    "success_rate": 1.0,
    "timeout_rate": 0.0,
    "total_time": 0.19841959418604652,
    "total_time_std": 0.06899693874879667,
    "wall_time": 0.8885520530301471,
    "wall_time_std": 0.1930674225829532
}