{
    "failure_rate": 0.0,
    "invalid_rate": 0.0,
    "neural_net_time": 0.048409401286732066,
    "neural_net_time_std": 0.014397048670788401,
    "num_failures": 0,
    "num_invalidated_plans": 0,
    "num_node_expansions": 0.0,
    "num_node_expansions_std": 0.0,
    "num_timeouts": 0,
    "objects_total": 286.54545454545456,
    "objects_total_std": 75.61068182877054,
    "objects_used": 135.6909090909091,
    "objects_used_std": 20.391506901624712,
    "plan_length": 167.54545454545453,
    "plan_length_std": 34.3928207000019,
    "search_time": 0.19680207818181814,
    "search_time_std": 0.1496512276775542,
    "success_rate": 1.0,
    "timeout_rate": 0.0,
    "total_time": 0.7056190363636364,
    "total_time_std": 0.3142189984836553,
    "wall_time": 2.74954346743497,
    "wall_time_std": 0.9157143559763261
}