{
    "failure_rate": 0.0,
    "invalid_rate": 0.0,
    "neural_net_time": 0.0,
    "neural_net_time_std": 0.0,
    "num_failures": 0,
    "num_invalidated_plans": 0,
    "num_node_expansions": 0.0,
    "num_node_expansions_std": 0.0,
    "num_timeouts": 0,
    "objects_total": 268.0232558139535,
    "objects_total_std": 89.12207159404245,
    "objects_used": 125.79069767441861,
    "objects_used_std": 20.337053066268652,
    "plan_length": 168.83139534883722,
    "plan_length_std": 26.690747293327277,
    "search_time": 0.10207690465116277,
    "search_time_std": 0.060571542454693955,
    "success_rate": 1.0,
    "timeout_rate": 0.0,
    "total_time": 0.23727988372093023,
    "total_time_std": 0.08380923228337281,
    "wall_time": 1.04099176789439,
    "wall_time_std": 0.19582963981680487
}