{
    "failure_rate": 0.0,
    "invalid_rate": 0.0,
    "neural_net_time": 0.021896249597722833,
    "neural_net_time_std": 0.008770025159487637,
    "num_failures": 0,
    "num_invalidated_plans": 0,
    "num_node_expansions": 0.0,
    "num_node_expansions_std": 0.0,
    "num_timeouts": 0,
    "objects_total": 281.54545454545456,
    "objects_total_std": 75.61068182877054,
    "objects_used": 131.27272727272728,
    "objects_used_std": 20.219211876965428,
    "plan_length": 179.36363636363637,
    "plan_length_std": 37.05689170910717,
    "search_time": 0.11634119818181819,
    "search_time_std": 0.07674553214681856,
    "success_rate": 1.0,
    "timeout_rate": 0.0,
    "total_time": 0.2569486,
    "total_time_std": 0.10640127953034467,
    "wall_time": 1.2047619646245784,
    "wall_time_std": 0.606419863140028
}