{
    "failure_rate": 0.0,
    "invalid_rate": 0.0,
    "neural_net_time": 0.02482847027156664,
    "neural_net_time_std": 0.015945285110425426,
    "num_failures": 0,
    "num_invalidated_plans": 0,
    "num_node_expansions": 0.0,
    "num_node_expansions_std": 0.0,
    "num_timeouts": 44,
    "objects_total": 306.6521739130435,
    "objects_total_std": 80.6804981710523,
    "objects_used": 181.81884057971016,
    "objects_used_std": 45.625481614650255,
    "plan_length": 76.6231884057971,
    "plan_length_std": 20.327821621193305,
    "search_time": 0.11359827492753623,
    "search_time_std": 0.3048355445580003,
    "success_rate": 0.7582417582417582,
    "timeout_rate": 0.24175824175824176,
    "total_time": 0.21924719202898552,
    "total_time_std": 0.3614511081343702,
    "wall_time": 2.262268303097158,
    "wall_time_std": 2.605696795667478
}