{
    "failure_rate": 0.0,
    "invalid_rate": 0.0,
    "neural_net_time": 0.02127122012051669,
    "neural_net_time_std": 0.008320930213260759,
    "num_failures": 0,
    "num_invalidated_plans": 0,
    "num_node_expansions": 0.0,
    "num_node_expansions_std": 0.0,
    "num_timeouts": 0,
    "objects_total": 286.54545454545456,
    "objects_total_std": 75.61068182877054,
    "objects_used": 136.9090909090909,
    "objects_used_std": 21.062049220229543,
    "plan_length": 167.38181818181818,
    "plan_length_std": 34.09158302364165,
    "search_time": 0.19720549272727267,
    "search_time_std": 0.14596174028276146,
    "success_rate": 1.0,
    "timeout_rate": 0.0,
    "total_time": 0.7054983636363636,
    "total_time_std": 0.31387625680862685,
    "wall_time": 3.5292085084048184,
    "wall_time_std": 2.3963158848235477
}