{
    "failure_rate": 0.0,
    "invalid_rate": 0.0,
    "neural_net_time": 0.01680751595386239,
    "neural_net_time_std": 0.007324621783738256,
    "num_failures": 0,
    "num_invalidated_plans": 0,
    "num_node_expansions": 0.0,
    "num_node_expansions_std": 0.0,
    "num_timeouts": 0,
    "objects_total": 263.0232558139535,
    "objects_total_std": 89.12207159404245,
    "objects_used": 58.16860465116279,
    "objects_used_std": 16.255966787384146,
    "plan_length": 16.436046511627907,
    "plan_length_std": 5.269645696370727,
    "search_time": 0.0006696895755813954,
    "search_time_std": 0.0001988204100250358,
    "success_rate": 1.0,
    "timeout_rate": 0.0,
    "total_time": 0.0027849601162790697,
    "total_time_std": 0.0006804981789955544,
    "wall_time": 0.41815342459567756,
    "wall_time_std": 0.25953573688604903
}