{
    "failure_rate": 0.0,
    "invalid_rate": 0.0,
    "neural_net_time": 0.0,
    "neural_net_time_std": 0.0,
    "num_failures": 0,
    "num_invalidated_plans": 0,
    "num_node_expansions": 0.0,
    "num_node_expansions_std": 0.0,
    "num_timeouts": 0,
    "objects_total": 270.0232558139535,
    "objects_total_std": 89.12207159404245,
    "objects_used": 127.79069767441861,
    "objects_used_std": 20.337053066268652,
    "plan_length": 161.88372093023256,
    "plan_length_std": 26.26228111589875,
    "search_time": 0.1267888941860465,
    "search_time_std": 0.10818039234515249,
    "success_rate": 1.0,
    "timeout_rate": 0.0,
    "total_time": 0.3378560174418605,
    "total_time_std": 0.13319552953888897,
    "wall_time": 1.3987481039623881,
    "wall_time_std": 0.2821896709246162
}