{
    "failure_rate": 0.0,
    "invalid_rate": 0.0,
    "neural_net_time": 0.07201205600391734,
    "neural_net_time_std": 0.037529312098946374,
    "num_failures": 0,
    "num_invalidated_plans": 0,
    "num_node_expansions": 0.0,
    "num_node_expansions_std": 0.0,
    "num_timeouts": 0,
    "objects_total": 281.54545454545456,
    "objects_total_std": 75.61068182877054,
    "objects_used": 131.16363636363636,
    "objects_used_std": 20.5707326394155,
    "plan_length": 178.98181818181817,
    "plan_length_std": 37.65368068889797,
    "search_time": 0.11977655090909094,
    "search_time_std": 0.0794309737191547,
    "success_rate": 1.0,
    "timeout_rate": 0.0,
    "total_time": 0.26230685454545455,
    "total_time_std": 0.10188610735083618,
    "wall_time": 1.142716390436346,
    "wall_time_std": 0.22726604594182992
}