{
    "failure_rate": 0.0,
    "invalid_rate": 0.0,
    "neural_net_time": 0.0484119736871054,
    "neural_net_time_std": 0.017174237037223247,
    "num_failures": 0,
    "num_invalidated_plans": 0,
    "num_node_expansions": 0.0,
    "num_node_expansions_std": 0.0,
    "num_timeouts": 0,
    "objects_total": 266.0232558139535,
    "objects_total_std": 89.12207159404245,
    "objects_used": 125.44186046511628,
    "objects_used_std": 21.171011692253945,
    "plan_length": 183.34883720930233,
    "plan_length_std": 30.611696898734817,
    "search_time": 0.09533690174418605,
    "search_time_std": 0.052919208911777114,
    "success_rate": 1.0,
    "timeout_rate": 0.0,
    "total_time": 0.20261543488372094,
    "total_time_std": 0.07581216504430657,
    "wall_time": 0.9694859122121057,
    "wall_time_std": 0.43454512446667326
}