{
    "failure_rate": 0.0,
    "num_node_expansions": 1241.6,
    "num_node_expansions_std": 504.41122553373503,
    "plan_length": 32.15555555555556,
    "plan_length_std": 8.57633839391343,
    "search_time": 0.3713162444444445,
    "search_time_std": 0.40797428698672156,
    "success_rate": 0.8181818181818182,
    "timeout_rate": 0.18181818181818182,
    "total_time": 0.3713162444444445,
    "total_time_std": 0.40797428698672156
}