{
    "failure_rate": 0.0,
    "invalid_rate": 0.0,
    "neural_net_time": 0.04815847374672114,
    "neural_net_time_std": 0.016921008567534784,
    "num_failures": 0,
    "num_invalidated_plans": 0,
    "num_node_expansions": 0.0,
    "num_node_expansions_std": 0.0,
    "num_timeouts": 0,
    "objects_total": 270.0232558139535,
    "objects_total_std": 89.12207159404245,
    "objects_used": 129.77325581395348,
    "objects_used_std": 21.276441412207948,
    "plan_length": 161.88372093023256,
    "plan_length_std": 26.26228111589875,
    "search_time": 0.12768759941860464,
    "search_time_std": 0.10841573593181979,
    "success_rate": 1.0,
    "timeout_rate": 0.0,
    "total_time": 0.34162616279069774,
    "total_time_std": 0.1328160348675951,
    "wall_time": 1.4273232152295667,
    "wall_time_std": 0.33787062941875995
}