{
    "failure_rate": 0.0,
    "invalid_rate": 0.0,
    "neural_net_time": 0.049648835442282935,
    "neural_net_time_std": 0.014609929955105721,
    "num_failures": 0,
    "num_invalidated_plans": 0,
    "num_node_expansions": 0.0,
    "num_node_expansions_std": 0.0,
    "num_timeouts": 0,
    "objects_total": 283.54545454545456,
    "objects_total_std": 75.61068182877054,
    "objects_used": 132.6909090909091,
    "objects_used_std": 20.328996511720735,
    "plan_length": 172.5818181818182,
    "plan_length_std": 32.31306569912599,
    "search_time": 0.13738149090909094,
    "search_time_std": 0.08184094496829206,
    "success_rate": 1.0,
    "timeout_rate": 0.0,
    "total_time": 0.3615305454545453,
    "total_time_std": 0.13195834613293259,
    "wall_time": 1.4352477680553088,
    "wall_time_std": 0.32163211592243557
}