{
    "failure_rate": 0.016483516483516484,
    "invalid_rate": 0.0,
    "neural_net_time": 0.0,
    "neural_net_time_std": 0.0,
    "num_failures": 3,
    "num_invalidated_plans": 0,
    "num_node_expansions": 0.0,
    "num_node_expansions_std": 0.0,
    "num_timeouts": 55,
    "objects_total": 291.89516129032256,
    "objects_total_std": 60.22991146142758,
    "objects_used": 227.16129032258064,
    "objects_used_std": 52.57105592353756,
    "plan_length": 64.37903225806451,
    "plan_length_std": 14.279238674663004,
    "search_time": 1.0050826959677417,
    "search_time_std": 2.9793665353115153,
    "success_rate": 0.6813186813186813,
    "timeout_rate": 0.3021978021978022,
    "total_time": 2.0535752370967746,
    "total_time_std": 2.988715123783763,
    "wall_time": 9.227600630252592,
    "wall_time_std": 6.27167086567188
}