{
    "failure_rate": 0.45454545454545453,
    "num_node_expansions": NaN,
    "num_node_expansions_std": NaN,
    "plan_length": 26.666666666666668,
    "plan_length_std": 5.840471822645077,
    "search_time": 3.273888888888889,
    "search_time_std": 3.809521898974389,
    "success_rate": 0.32727272727272727,
    "timeout_rate": 0.21818181818181817,
    "total_time": 3.273888888888889,
    "total_time_std": 3.809521898974389
}