{
    "failure_rate": 0.0,
    "invalid_rate": 0.0,
    "neural_net_time": 0.017991122332486238,
    "neural_net_time_std": 0.009110717678745746,
    "num_failures": 0,
    "num_invalidated_plans": 0,
    "num_node_expansions": 0.0,
    "num_node_expansions_std": 0.0,
    "num_timeouts": 0,
    "objects_total": 276.54545454545456,
    "objects_total_std": 75.61068182877054,
    "objects_used": 71.4,
    "objects_used_std": 16.978703237773008,
    "plan_length": 37.03636363636364,
    "plan_length_std": 15.721396695255383,
    "search_time": 0.001343809672727273,
    "search_time_std": 0.0004731795907678973,
    "success_rate": 1.0,
    "timeout_rate": 0.0,
    "total_time": 0.004658606000000001,
    "total_time_std": 0.0012350650020311407,
    "wall_time": 0.48226554610512473,
    "wall_time_std": 0.3755483797779519
}