{
    "failure_rate": 0.01098901098901099,
    "num_node_expansions": 12608.848484848484,
    "num_node_expansions_std": 32505.047012426752,
    "plan_length": 60.04545454545455,
    "plan_length_std": 10.269743465831779,
    "search_time": 3.7927272727272725,
    "search_time_std": 5.070542241475712,
    "success_rate": 0.3626373626373626,
    "timeout_rate": 0.6263736263736264,
    "total_time": 3.7927272727272725,
    "total_time_std": 5.070542241475712
}