{
    "failure_rate": 0.0,
    "invalid_rate": 0.0,
    "neural_net_time": 0.0,
    "neural_net_time_std": 0.0,
    "num_failures": 0,
    "num_invalidated_plans": 0,
    "num_node_expansions": 0.0,
    "num_node_expansions_std": 0.0,
    "num_timeouts": 0,
    "objects_total": 276.54545454545456,
    "objects_total_std": 75.61068182877054,
    "objects_used": 129.4,
    "objects_used_std": 21.822923727126938,
    "plan_length": 220.4,
    "plan_length_std": 47.59052617715192,
    "search_time": 0.09070540181818183,
    "search_time_std": 0.06066750525607141,
    "success_rate": 1.0,
    "timeout_rate": 0.0,
    "total_time": 0.1714862981818182,
    "total_time_std": 0.07204607030456274,
    "wall_time": 0.8044243162328547,
    "wall_time_std": 0.12850450209985562
}