{
    "failure_rate": 0.0,
    "invalid_rate": 0.0,
    "neural_net_time": 0.0,
    "neural_net_time_std": 0.0,
    "num_failures": 0,
    "num_invalidated_plans": 0,
    "num_node_expansions": 0.0,
    "num_node_expansions_std": 0.0,
    "num_timeouts": 19,
    "objects_total": 308.98039215686276,
    "objects_total_std": 69.65700004126055,
    "objects_used": 245.50980392156862,
    "objects_used_std": 59.800443486131634,
    "plan_length": 68.33333333333333,
    "plan_length_std": 19.37520820044155,
    "search_time": 1.410569060784314,
    "search_time_std": 3.5292721930477153,
    "success_rate": 0.7285714285714285,
    "timeout_rate": 0.2714285714285714,
    "total_time": 2.2562539019607843,
    "total_time_std": 3.641293777620107,
    "wall_time": 8.546597971635705,
    "wall_time_std": 6.669371025991883
}