{
    "failure_rate": 0.0,
    "invalid_rate": 0.0,
    "neural_net_time": 0.0,
    "neural_net_time_std": 0.0,
    "num_failures": 0,
    "num_invalidated_plans": 0,
    "num_node_expansions": 0.0,
    "num_node_expansions_std": 0.0,
    "num_timeouts": 0,
    "objects_total": 279.54545454545456,
    "objects_total_std": 75.61068182877054,
    "objects_used": 132.4,
    "objects_used_std": 21.822923727126938,
    "plan_length": 192.16363636363636,
    "plan_length_std": 35.723057812904706,
    "search_time": 0.10473275272727274,
    "search_time_std": 0.08319057390836329,
    "success_rate": 1.0,
    "timeout_rate": 0.0,
    "total_time": 0.20870981818181825,
    "total_time_std": 0.0933385653214032,
    "wall_time": 0.8686861471696333,
    "wall_time_std": 0.14710256256497473
}