{
    "failure_rate": 0.0,
    "invalid_rate": 0.0,
    "neural_net_time": 0.02026572061139484,
    "neural_net_time_std": 0.00831394752689973,
    "num_failures": 0,
    "num_invalidated_plans": 0,
    "num_node_expansions": 0.0,
    "num_node_expansions_std": 0.0,
    "num_timeouts": 0,
    "objects_total": 273.0232558139535,
    "objects_total_std": 89.12207159404245,
    "objects_used": 129.21511627906978,
    "objects_used_std": 19.8990242687159,
    "plan_length": 152.1860465116279,
    "plan_length_std": 22.63179057951549,
    "search_time": 0.157461738372093,
    "search_time_std": 0.0829044218535307,
    "success_rate": 1.0,
    "timeout_rate": 0.0,
    "total_time": 0.6117885058139535,
    "total_time_std": 0.20689544746389382,
    "wall_time": 2.629170704719632,
    "wall_time_std": 0.8539816008060889
}