{
    "failure_rate": 0.0,
    "invalid_rate": 0.0,
    "neural_net_time": 0.0,
    "neural_net_time_std": 0.0,
    "num_failures": 0,
    "num_invalidated_plans": 0,
    "num_node_expansions": 0.0,
    "num_node_expansions_std": 0.0,
    "num_timeouts": 0,
    "objects_total": 266.0232558139535,
    "objects_total_std": 89.12207159404245,
    "objects_used": 123.79069767441861,
    "objects_used_std": 20.337053066268652,
    "plan_length": 183.04651162790697,
    "plan_length_std": 30.57031809282292,
    "search_time": 0.09408321220930234,
    "search_time_std": 0.05112677994131208,
    "success_rate": 1.0,
    "timeout_rate": 0.0,
    "total_time": 0.2004139319767442,
    "total_time_std": 0.0714657729760765,
    "wall_time": 0.9016792455384898,
    "wall_time_std": 0.1718602665610686
}