{
    "failure_rate": 0.0,
    "num_node_expansions": 609.375,
    "num_node_expansions_std": 207.17832747418345,
    "plan_length": 124.625,
    "plan_length_std": 11.213134040044292,
    "search_time": 3.01875,
    "search_time_std": 1.8548614335038616,
    "success_rate": 0.2909090909090909,
    "timeout_rate": 0.7090909090909091,
    "total_time": 4.653124999999999,
    "total_time_std": 2.7332094658798107
}