{
    "failure_rate": 0.0,
    "invalid_rate": 0.0,
    "neural_net_time": 0.0,
    "neural_net_time_std": 0.0,
    "num_failures": 0,
    "num_invalidated_plans": 0,
    "num_node_expansions": 0.0,
    "num_node_expansions_std": 0.0,
    "num_timeouts": 0,
    "objects_total": 263.0232558139535,
    "objects_total_std": 89.12207159404245,
    "objects_used": 65.72674418604652,
    "objects_used_std": 18.564181092421872,
    "plan_length": 16.436046511627907,
    "plan_length_std": 5.269645696370727,
    "search_time": 0.0006674389941860464,
    "search_time_std": 0.00020028066937952457,
    "success_rate": 1.0,
    "timeout_rate": 0.0,
    "total_time": 0.0029143968604651163,
    "total_time_std": 0.0008127590681491951,
    "wall_time": 0.2785348822904188,
    "wall_time_std": 0.027959714537927984
}