{
    "failure_rate": 0.0,
    "invalid_rate": 0.0,
    "neural_net_time": 0.04958419799804688,
    "neural_net_time_std": 0.015485137118166185,
    "num_failures": 0,
    "num_invalidated_plans": 0,
    "num_node_expansions": 0.0,
    "num_node_expansions_std": 0.0,
    "num_timeouts": 0,
    "objects_total": 279.54545454545456,
    "objects_total_std": 75.61068182877054,
    "objects_used": 130.52727272727273,
    "objects_used_std": 20.523028790697577,
    "plan_length": 191.74545454545455,
    "plan_length_std": 35.03100869583881,
    "search_time": 0.10697968909090907,
    "search_time_std": 0.08772396856388831,
    "success_rate": 1.0,
    "timeout_rate": 0.0,
    "total_time": 0.21123387272727273,
    "total_time_std": 0.09822906846588088,
    "wall_time": 0.8925897164778276,
    "wall_time_std": 0.1515804448173286
}