{
    "failure_rate": 0.0,
    "num_node_expansions": 17306.875,
    "num_node_expansions_std": 34003.28526752048,
    "plan_length": 61.1875,
    "plan_length_std": 10.507251959956038,
    "search_time": 7.559375,
    "search_time_std": 7.537265310401048,
    "success_rate": 0.22857142857142856,
    "timeout_rate": 0.7714285714285715,
    "total_time": 7.559375,
    "total_time_std": 7.537265310401048
}