{
    "failure_rate": 0.0,
    "invalid_rate": 0.0,
    "neural_net_time": 0.0,
    "neural_net_time_std": 0.0,
    "num_failures": 0,
    "num_invalidated_plans": 0,
    "num_node_expansions": 0.0,
    "num_node_expansions_std": 0.0,
    "num_timeouts": 0,
    "objects_total": 273.0232558139535,
    "objects_total_std": 89.12207159404245,
    "objects_used": 130.7906976744186,
    "objects_used_std": 20.337053066268652,
    "plan_length": 152.42441860465115,
    "plan_length_std": 22.841467981408297,
    "search_time": 0.15798254186046512,
    "search_time_std": 0.08277041276749292,
    "success_rate": 1.0,
    "timeout_rate": 0.0,
    "total_time": 0.6115978546511628,
    "total_time_std": 0.2065416364357144,
    "wall_time": 2.5253759802773943,
    "wall_time_std": 0.7347173556458084
}