{
    "failure_rate": 0.0,
    "num_node_expansions": 70.28888888888889,
    "num_node_expansions_std": 23.13018443719733,
    "plan_length": 38.46666666666667,
    "plan_length_std": 10.750917273527046,
    "search_time": 0.3034810591111111,
    "search_time_std": 0.30017982168190105,
    "success_rate": 0.8181818181818182,
    "timeout_rate": 0.18181818181818182,
    "total_time": 3.251724911111111,
    "total_time_std": 2.2119425774286463
}