{
    "failure_rate": 0.0,
    "num_node_expansions": 1036.5833333333333,
    "num_node_expansions_std": 426.293024873215,
    "plan_length": 146.35416666666666,
    "plan_length_std": 23.85152823836568,
    "search_time": 7.571249999999999,
    "search_time_std": 7.875487187311018,
    "success_rate": 0.8727272727272727,
    "timeout_rate": 0.12727272727272726,
    "total_time": 7.571249999999999,
    "total_time_std": 7.875487187311018
}