{
    "failure_rate": 0.0,
    "invalid_rate": 0.0,
    "neural_net_time": 0.01811499162153764,
    "neural_net_time_std": 0.008910508617865345,
    "num_failures": 0,
    "num_invalidated_plans": 0,
    "num_node_expansions": 0.0,
    "num_node_expansions_std": 0.0,
    "num_timeouts": 0,
    "objects_total": 276.54545454545456,
    "objects_total_std": 75.61068182877054,
    "objects_used": 61.527272727272724,
    "objects_used_std": 16.710208687510914,
    "plan_length": 16.454545454545453,
    "plan_length_std": 5.565537405459625,
    "search_time": 0.0006678854727272729,
    "search_time_std": 0.0002068317970034285,
    "success_rate": 1.0,
    "timeout_rate": 0.0,
    "total_time": 0.0027749999999999997,
    "total_time_std": 0.0006740557045931334,
    "wall_time": 0.5896180196241899,
    "wall_time_std": 0.3491586160029422
}