{
    "failure_rate": 0.0,
    "invalid_rate": 0.0,
    "neural_net_time": 0.017665398675341937,
    "neural_net_time_std": 0.007799909427275011,
    "num_failures": 0,
    "num_invalidated_plans": 0,
    "num_node_expansions": 0.0,
    "num_node_expansions_std": 0.0,
    "num_timeouts": 0,
    "objects_total": 263.0232558139535,
    "objects_total_std": 89.12207159404245,
    "objects_used": 119.23255813953489,
    "objects_used_std": 20.96795695906774,
    "plan_length": 213.43023255813952,
    "plan_length_std": 39.911833268213044,
    "search_time": 0.08541389767441859,
    "search_time_std": 0.11241999872829411,
    "success_rate": 1.0,
    "timeout_rate": 0.0,
    "total_time": 0.16939626627906976,
    "total_time_std": 0.14507971756917282,
    "wall_time": 0.8588073447693226,
    "wall_time_std": 0.6732191913462228
}