{
    "failure_rate": 0.0,
    "num_node_expansions": 468.48387096774195,
    "num_node_expansions_std": 192.6469059835003,
    "plan_length": 14.709677419354838,
    "plan_length_std": 3.828530825661262,
    "search_time": 0.4536315483870968,
    "search_time_std": 0.3696494008728636,
    "success_rate": 0.775,
    "timeout_rate": 0.225,
    "total_time": 0.4536315483870968,
    "total_time_std": 0.3696494008728636
}