{
    "failure_rate": 0.0,
    "invalid_rate": 0.0,
    "neural_net_time": 0.04821977109620065,
    "neural_net_time_std": 0.0167755842847862,
    "num_failures": 0,
    "num_invalidated_plans": 0,
    "num_node_expansions": 0.0,
    "num_node_expansions_std": 0.0,
    "num_timeouts": 50,
    "objects_total": 314.68939393939394,
    "objects_total_std": 83.52944795334317,
    "objects_used": 185.34848484848484,
    "objects_used_std": 53.49709491524734,
    "plan_length": 69.37878787878788,
    "plan_length_std": 17.495683581538266,
    "search_time": 0.14776583318181818,
    "search_time_std": 0.3587420545109434,
    "success_rate": 0.7252747252747253,
    "timeout_rate": 0.27472527472527475,
    "total_time": 0.32830962651515155,
    "total_time_std": 0.4141819755881708,
    "wall_time": 5.023121828382665,
    "wall_time_std": 5.910341303678546
}