{
    "failure_rate": 0.0,
    "invalid_rate": 0.0,
    "neural_net_time": 0.039990003619875224,
    "neural_net_time_std": 0.014339211444382695,
    "num_failures": 0,
    "num_invalidated_plans": 0,
    "num_node_expansions": 0.0,
    "num_node_expansions_std": 0.0,
    "num_timeouts": 14,
    "objects_total": 319.89285714285717,
    "objects_total_std": 75.11150724361856,
    "objects_used": 178.92857142857142,
    "objects_used_std": 54.08619349270766,
    "plan_length": 76.69642857142857,
    "plan_length_std": 22.501523474499884,
    "search_time": 0.06625566553571428,
    "search_time_std": 0.16365077922883825,
    "success_rate": 0.8,
    "timeout_rate": 0.2,
    "total_time": 0.13948245892857145,
    "total_time_std": 0.17631975988524043,
    "wall_time": 2.0940518975257874,
    "wall_time_std": 2.4467164396239505
}