{
    "failure_rate": 0.0,
    "invalid_rate": 0.0,
    "neural_net_time": 0.038062117316506126,
    "neural_net_time_std": 0.013231767862918237,
    "num_failures": 0,
    "num_invalidated_plans": 0,
    "num_node_expansions": 0.0,
    "num_node_expansions_std": 0.0,
    "num_timeouts": 0,
    "objects_total": 276.54545454545456,
    "objects_total_std": 75.61068182877054,
    "objects_used": 59.27272727272727,
    "objects_used_std": 18.534934627694067,
    "plan_length": 16.454545454545453,
    "plan_length_std": 5.565537405459625,
    "search_time": 0.0006678468545454544,
    "search_time_std": 0.00020717182816795232,
    "success_rate": 1.0,
    "timeout_rate": 0.0,
    "total_time": 0.002773141272727273,
    "total_time_std": 0.0007392555808257497,
    "wall_time": 0.540378271449696,
    "wall_time_std": 0.14243182705118376
}