{
    "failure_rate": 0.0,
    "num_node_expansions": 6549.5,
    "num_node_expansions_std": 1325.9691738498298,
    "plan_length": 138.25,
    "plan_length_std": 4.656984002549289,
    "search_time": 20.0355,
    "search_time_std": 2.309530128619239,
    "success_rate": 0.07272727272727272,
    "timeout_rate": 0.9272727272727272,
    "total_time": 21.6505,
    "total_time_std": 2.4558668113315916
}