{
    "failure_rate": 0.0,
    "num_node_expansions": 777.44,
    "num_node_expansions_std": 520.4113050270911,
    "plan_length": 159.64,
    "plan_length_std": 28.89550830146443,
    "search_time": 2.4534052,
    "search_time_std": 2.605519711458963,
    "success_rate": 0.45454545454545453,
    "timeout_rate": 0.5454545454545454,
    "total_time": 7.3057448,
    "total_time_std": 4.925463883767391
}