{
    "failure_rate": 0.0,
    "invalid_rate": 0.0,
    "neural_net_time": 0.0,
    "neural_net_time_std": 0.0,
    "num_failures": 0,
    "num_invalidated_plans": 0,
    "num_node_expansions": 0.0,
    "num_node_expansions_std": 0.0,
    "num_timeouts": 0,
    "objects_total": 281.54545454545456,
    "objects_total_std": 75.61068182877054,
    "objects_used": 134.4,
    "objects_used_std": 21.822923727126938,
    "plan_length": 179.4181818181818,
    "plan_length_std": 37.126168623953305,
    "search_time": 0.11454940909090908,
    "search_time_std": 0.07436633794868672,
    "success_rate": 1.0,
    "timeout_rate": 0.0,
    "total_time": 0.24960285454545453,
    "total_time_std": 0.09307880445952886,
    "wall_time": 1.0336047866127707,
    "wall_time_std": 0.16872525806293476
}