{
    "failure_rate": 0.0,
    "invalid_rate": 0.0,
    "neural_net_time": 0.03887647347484561,
    "neural_net_time_std": 0.01470812212939762,
    "num_failures": 0,
    "num_invalidated_plans": 0,
    "num_node_expansions": 0.0,
    "num_node_expansions_std": 0.0,
    "num_timeouts": 43,
    "objects_total": 312.64028776978415,
    "objects_total_std": 87.15065985743453,
    "objects_used": 178.15107913669064,
    "objects_used_std": 52.9906892417666,
    "plan_length": 78.34532374100719,
    "plan_length_std": 21.702273272239513,
    "search_time": 0.1348967505035971,
    "search_time_std": 0.3470301147311288,
    "success_rate": 0.7637362637362637,
    "timeout_rate": 0.23626373626373626,
    "total_time": 0.24463962949640286,
    "total_time_std": 0.38569077091106124,
    "wall_time": 2.8863325530676534,
    "wall_time_std": 3.574352816233916
}