{
    "failure_rate": 0.0,
    "invalid_rate": 0.0,
    "neural_net_time": 0.0,
    "neural_net_time_std": 0.0,
    "num_failures": 0,
    "num_invalidated_plans": 0,
    "num_node_expansions": 0.0,
    "num_node_expansions_std": 0.0,
    "num_timeouts": 0,
    "objects_total": 276.54545454545456,
    "objects_total_std": 75.61068182877054,
    "objects_used": 80.74545454545455,
    "objects_used_std": 20.542831690988887,
    "plan_length": 37.03636363636364,
    "plan_length_std": 15.721396695255383,
    "search_time": 0.0013719969454545457,
    "search_time_std": 0.0004958096858774239,
    "success_rate": 1.0,
    "timeout_rate": 0.0,
    "total_time": 0.00499848890909091,
    "total_time_std": 0.0014280072745125032,
    "wall_time": 0.2943551193584095,
    "wall_time_std": 0.024220998249457507
}