{
    "failure_rate": 0.0,
    "num_node_expansions": 2214.0208333333335,
    "num_node_expansions_std": 1037.118795220348,
    "plan_length": 176.60416666666666,
    "plan_length_std": 23.552016530201588,
    "search_time": 7.113140312500001,
    "search_time_std": 5.270048813640163,
    "success_rate": 0.27906976744186046,
    "timeout_rate": 0.7209302325581395,
    "total_time": 8.910703,
    "total_time_std": 6.284092050842694
}