{
    "failure_rate": 0.0,
    "invalid_rate": 0.0,
    "neural_net_time": 0.020964791608411214,
    "neural_net_time_std": 0.008566452995661911,
    "num_failures": 0,
    "num_invalidated_plans": 0,
    "num_node_expansions": 0.0,
    "num_node_expansions_std": 0.0,
    "num_timeouts": 0,
    "objects_total": 270.0232558139535,
    "objects_total_std": 89.12207159404245,
    "objects_used": 125.76162790697674,
    "objects_used_std": 19.585416196304767,
    "plan_length": 161.90116279069767,
    "plan_length_std": 26.253606592486186,
    "search_time": 0.12671566918604651,
    "search_time_std": 0.10679823838814137,
    "success_rate": 1.0,
    "timeout_rate": 0.0,
    "total_time": 0.33816612790697675,
    "total_time_std": 0.1309713919245208,
    "wall_time": 1.407636234926623,
    "wall_time_std": 0.354829733123317
}