{
    "failure_rate": 0.0,
    "num_node_expansions": 940.275,
    "num_node_expansions_std": 331.41446766096374,
    "plan_length": 141.8875,
    "plan_length_std": 20.155640494660545,
    "search_time": 4.944625,
    "search_time_std": 6.448047561810862,
    "success_rate": 0.9302325581395349,
    "timeout_rate": 0.06976744186046512,
    "total_time": 4.944625,
    "total_time_std": 6.448047561810862
}