{
    "failure_rate": 0.0,
    "num_node_expansions": 1929.1891891891892,
    "num_node_expansions_std": 1106.256405395115,
    "plan_length": 136.3783783783784,
    "plan_length_std": 19.123144815657636,
    "search_time": 7.974054054054054,
    "search_time_std": 8.049517850076475,
    "success_rate": 0.6727272727272727,
    "timeout_rate": 0.32727272727272727,
    "total_time": 7.974054054054054,
    "total_time_std": 8.049517850076475
}