{
    "failure_rate": 0.0,
    "invalid_rate": 0.0,
    "neural_net_time": 0.0,
    "neural_net_time_std": 0.0,
    "num_failures": 0,
    "num_invalidated_plans": 0,
    "num_node_expansions": 0.0,
    "num_node_expansions_std": 0.0,
    "num_timeouts": 0,
    "objects_total": 276.54545454545456,
    "objects_total_std": 75.61068182877054,
    "objects_used": 74.0,
    "objects_used_std": 20.723285102863045,
    "plan_length": 16.454545454545453,
    "plan_length_std": 5.565537405459625,
    "search_time": 0.0006643543090909091,
    "search_time_std": 0.00020597909486528635,
    "success_rate": 1.0,
    "timeout_rate": 0.0,
    "total_time": 0.002990284363636363,
    "total_time_std": 0.0007872383580287915,
    "wall_time": 0.2462462902069092,
    "wall_time_std": 0.022291494701587873
}