{
    "failure_rate": 0.0,
    "invalid_rate": 0.0,
    "neural_net_time": 0.021520363200794566,
    "neural_net_time_std": 0.009041035174357469,
    "num_failures": 0,
    "num_invalidated_plans": 0,
    "num_node_expansions": 0.0,
    "num_node_expansions_std": 0.0,
    "num_timeouts": 0,
    "objects_total": 283.54545454545456,
    "objects_total_std": 75.61068182877054,
    "objects_used": 133.8181818181818,
    "objects_used_std": 25.27311968302285,
    "plan_length": 172.87272727272727,
    "plan_length_std": 32.25244433045744,
    "search_time": 0.1425392490909091,
    "search_time_std": 0.08388157545619544,
    "success_rate": 1.0,
    "timeout_rate": 0.0,
    "total_time": 0.36937081818181816,
    "total_time_std": 0.13550598816101897,
    "wall_time": 1.72581430348483,
    "wall_time_std": 1.2487543503274803
}