{
    "failure_rate": 0.0,
    "invalid_rate": 0.0,
    "neural_net_time": 0.0,
    "neural_net_time_std": 0.0,
    "num_failures": 0,
    "num_invalidated_plans": 0,
    "num_node_expansions": 0.0,
    "num_node_expansions_std": 0.0,
    "num_timeouts": 0,
    "objects_total": 286.54545454545456,
    "objects_total_std": 75.61068182877054,
    "objects_used": 139.4,
    "objects_used_std": 21.822923727126938,
    "plan_length": 167.38181818181818,
    "plan_length_std": 34.09158302364165,
    "search_time": 0.19706601454545453,
    "search_time_std": 0.15228416434632439,
    "success_rate": 1.0,
    "timeout_rate": 0.0,
    "total_time": 0.7057088000000001,
    "total_time_std": 0.32551599399640735,
    "wall_time": 2.7320330706509677,
    "wall_time_std": 0.9232950975382076
}