{
    "failure_rate": 0.0,
    "invalid_rate": 0.0,
    "neural_net_time": 0.05136456754472521,
    "neural_net_time_std": 0.014088714085138324,
    "num_failures": 0,
    "num_invalidated_plans": 0,
    "num_node_expansions": 0.0,
    "num_node_expansions_std": 0.0,
    "num_timeouts": 16,
    "objects_total": 326.7037037037037,
    "objects_total_std": 75.41333746602162,
    "objects_used": 178.53703703703704,
    "objects_used_std": 46.51511620608182,
    "plan_length": 76.03703703703704,
    "plan_length_std": 20.703339293155516,
    "search_time": 0.055894525370370374,
    "search_time_std": 0.09767385444443386,
    "success_rate": 0.7714285714285715,
    "timeout_rate": 0.22857142857142856,
    "total_time": 0.15360202592592595,
    "total_time_std": 0.13083869823798053,
    "wall_time": 1.6366556441342388,
    "wall_time_std": 1.0389627874744434
}