{
    "failure_rate": 0.0,
    "invalid_rate": 0.0,
    "neural_net_time": 0.03732151118191806,
    "neural_net_time_std": 0.012296953463616698,
    "num_failures": 0,
    "num_invalidated_plans": 0,
    "num_node_expansions": 0.0,
    "num_node_expansions_std": 0.0,
    "num_timeouts": 0,
    "objects_total": 276.54545454545456,
    "objects_total_std": 75.61068182877054,
    "objects_used": 69.21818181818182,
    "objects_used_std": 18.183599912699464,
    "plan_length": 36.92727272727273,
    "plan_length_std": 15.59120328373377,
    "search_time": 0.0013308210727272726,
    "search_time_std": 0.00048089194186968316,
    "success_rate": 1.0,
    "timeout_rate": 0.0,
    "total_time": 0.004597608,
    "total_time_std": 0.0013018005356531812,
    "wall_time": 0.3955287673256614,
    "wall_time_std": 0.23740689942213322
}