{
    "failure_rate": 0.01098901098901099,
    "num_node_expansions": 761.2948717948718,
    "num_node_expansions_std": 513.2697623550997,
    "plan_length": 64.25641025641026,
    "plan_length_std": 14.221179490045822,
    "search_time": 5.128350607692306,
    "search_time_std": 4.34973733330477,
    "success_rate": 0.42857142857142855,
    "timeout_rate": 0.5604395604395604,
    "total_time": 6.741364792307692,
    "total_time_std": 5.191196381146396
}