{
    "failure_rate": 0.0,
    "num_node_expansions": 1758.5483870967741,
    "num_node_expansions_std": 4772.808247797027,
    "plan_length": 61.12903225806452,
    "plan_length_std": 16.523183977093968,
    "search_time": 0.9041236612903225,
    "search_time_std": 1.1597812028995924,
    "success_rate": 0.44285714285714284,
    "timeout_rate": 0.5571428571428572,
    "total_time": 3.3447093548387095,
    "total_time_std": 2.068483335656806
}