{
    "failure_rate": 0.0,
    "invalid_rate": 0.0,
    "neural_net_time": 0.0,
    "neural_net_time_std": 0.0,
    "num_failures": 0,
    "num_invalidated_plans": 0,
    "num_node_expansions": 0.0,
    "num_node_expansions_std": 0.0,
    "num_timeouts": 0,
    "objects_total": 263.0232558139535,
    "objects_total_std": 89.12207159404245,
    "objects_used": 72.78488372093024,
    "objects_used_std": 18.643385368803997,
    "plan_length": 35.76162790697674,
    "plan_length_std": 11.940070006851865,
    "search_time": 0.0013237783604651162,
    "search_time_std": 0.00042669557699792366,
    "success_rate": 1.0,
    "timeout_rate": 0.0,
    "total_time": 0.004743336337209302,
    "total_time_std": 0.0013498517214291742,
    "wall_time": 0.29540074980536174,
    "wall_time_std": 0.027968340693720742
}