{
    "failure_rate": 0.0,
    "num_node_expansions": 677.7333333333333,
    "num_node_expansions_std": 201.8915440417343,
    "plan_length": 117.73333333333333,
    "plan_length_std": 11.168208848731693,
    "search_time": 5.907333333333333,
    "search_time_std": 2.114510082475108,
    "success_rate": 0.2727272727272727,
    "timeout_rate": 0.7272727272727273,
    "total_time": 6.984666666666667,
    "total_time_std": 2.346858514885141
}