{
    "failure_rate": 0.0,
    "invalid_rate": 0.0,
    "neural_net_time": 0.016835758852404216,
    "neural_net_time_std": 0.007121813107241008,
    "num_failures": 0,
    "num_invalidated_plans": 0,
    "num_node_expansions": 0.0,
    "num_node_expansions_std": 0.0,
    "num_timeouts": 0,
    "objects_total": 263.0232558139535,
    "objects_total_std": 89.12207159404245,
    "objects_used": 67.52325581395348,
    "objects_used_std": 18.37891027477004,
    "plan_length": 36.18604651162791,
    "plan_length_std": 12.287270429289324,
    "search_time": 0.0013532449709302327,
    "search_time_std": 0.00045075470683483804,
    "success_rate": 1.0,
    "timeout_rate": 0.0,
    "total_time": 0.004763260755813953,
    "total_time_std": 0.0018947743247584828,
    "wall_time": 0.5656749689301779,
    "wall_time_std": 0.4693895661241569
}