{
    "failure_rate": 0.0,
    "invalid_rate": 0.0,
    "neural_net_time": 0.02168729170313421,
    "neural_net_time_std": 0.0089768256074839,
    "num_failures": 0,
    "num_invalidated_plans": 0,
    "num_node_expansions": 0.0,
    "num_node_expansions_std": 0.0,
    "num_timeouts": 17,
    "objects_total": 316.188679245283,
    "objects_total_std": 75.04867768844372,
    "objects_used": 192.50943396226415,
    "objects_used_std": 51.914160878122665,
    "plan_length": 78.67924528301887,
    "plan_length_std": 23.0108863366112,
    "search_time": 0.14432505283018865,
    "search_time_std": 0.3803903989699164,
    "success_rate": 0.7571428571428571,
    "timeout_rate": 0.24285714285714285,
    "total_time": 0.21983949245283022,
    "total_time_std": 0.39321686886572027,
    "wall_time": 3.9696315414500685,
    "wall_time_std": 4.325766491294045
}